{"cameraMode":{"drawMode":0,"name":"Shaded","section":"Shading Mode"},"sceneLighting":false,"audioPlay":false,"sceneViewState":{"m_AlwaysRefresh":false,"showFog":true,"showSkybox":false,"showFlares":true,"showImageEffects":true,"showParticleSystems":true,"showVisualEffectGraphs":true,"m_FxEnabled":true},"in2DMode":false,"pivot":{"x":10.050000190734864,"y":0.9700000286102295,"z":10.829999923706055},"rotation":{"x":-0.11101344972848892,"y":0.8889501094818115,"z":-0.3092837333679199,"w":-0.3191726803779602},"size":3.2490427494049074,"orthographic":false}